{"loss": [1.6944878101348877, 0.7363741397857666, 1.3101005554199219, 0.8043006062507629, 0.8850349187850952, 3.7859902381896973, 5.354760646820068, 28.24491310119629, 83.64945220947266, 271.13262939453125], "accuracy": [0.5387723445892334, 0.7923749685287476, 0.8638879060745239, 0.8859663009643555, 0.8942030072212219, 0.893520176410675, 0.8473860025405884, 0.028935201466083527, 0.030002133920788765, 0.02839462272822857], "val_loss": [1.259096622467041, 0.5329881906509399, 0.6793484687805176, 0.5648994445800781, 1.038033366203308, 1.7093079090118408, 2.2365291118621826, 8.362985610961914, 16.480470657348633, 97.82759857177734], "val_accuracy": [0.6137605309486389, 0.8452652096748352, 0.8399726748466492, 0.857671320438385, 0.7914864420890808, 0.713350772857666, 0.627646267414093, 0.03300705552101135, 0.03283632919192314, 0.028625085949897766]}